"key","fr_FR","nl_NL","it_IT","de_DE","nl_BE","es_ES"
"forms > forms.productreview.author","Votre nom","Naam","Il tuo nome","Name","Naam",
"forms > forms.productreview.author.missing-error","Veuillez entrer un nom.","Vul aub een naam in.","Inserisci un nome",,,
"forms > forms.productreview.comment","Votre avis","Je ervaring","La tua recensione","Kommentar","Je ervaring",
"forms > forms.productreview.comment.missing-error","Veuillez entrer un avis.","Vul aub je mening in.","Scrivi la tua recensione","Ihre Meinung",,
"forms > forms.productreview.email","Votre E-mail","E-mail","La tua email",,"E-mail",
"forms > forms.productreview.email.missing-error","Veuillez entrer un email.","Vul aub je e-mailadres in.","Inserisci la tua mail","Ihre Email-Adresse",,
"forms > forms.productreview.rating","Votre note","Aantal sterren","La tua valutazione","Ihre Bewertung","Aantal sterren",
"forms > forms.productreview.rating.yourreview","Votre note","Aantal sterren","La tua valutazione","Ihre Bewertung","Aantal sterren",
"forms > address.postalcode.example","Exemple : 12345","Voorbeeld: 1234 AB",,,,
"forms > billing.email","E-mail","E-mailadres",,,"E-mailadres",
"forms > checkout.addtoaddressbook","Ajouter au carnet d'adresses","Aan adresboek toevoegen",,,"Aan adresboek toevoegen",
"forms > checkout.addtoemaillist","Je souhaite être ajouté à la liste de diffusion de Babyliss Paris. Babyliss Paris ne communique ni ne vend les informations personnelles.","Meld je aan en lees als eerste over de nieuwste producten",,,"Meld je aan en lees als eerste over de nieuwste producten",
"forms > checkout.addtoemaillistParis","BaByliss Paris","BaByliss",,,"BaByliss",
"forms > checkout.shipment.no","Non","Nee",,,"Nee",
"forms > checkout.shipment.yes","Oui","Ja",,,"Ja",
"forms > checkout.useasbillingaddress","Utiliser cette adresse pour la facturation","Gebruik deze gegevens ook voor mijn factuur",,,"Gebruik deze gegevens de factuur",
"forms > confirm.delete","Voulez-vous supprimer cette {0} ?","Wilt u deze {0} verwijderen?",,,"Wilt u deze {0} verwijderen?",
"forms > contactus.ambassador.submit","Sign Up!","> Meld je aan!",,,"Sign Up!",
"forms > contactus.ambassador.undertitle","Remplissez le formulaire ci-dessous pour participer","Vul het onderstaande formulier in om deel te nemen",,,"Vul het onderstaande formulier in om deel te nemen",
"forms > contactus.city","Ville","Plaats",,"Ort","Stad","Localidad:"
"forms > country.luxembourg","Luxembourg","Luxemburg",,,"Luxemburg",
"forms > country.netherlands","Netherlands","Nederland",,,"Nederland",
"forms > country.nl","Netherlands","Nederland",,,"Nederland",
"forms > creditcard.cvnlabel","Code de sécurité","Veiligheidscode",,,"Veiligheidscode",
"forms > creditcard.cvnmissingerror","Veuillez saisir votre code de sécurité","Vul uw veiligheidscode in",,,"Vul uw veiligheidscode in",
"forms > creditcard.cvnrangeerror","Code de sécurité non valide","Ongeldige veiligheidscode",,,"Ongeldige veiligheidscode",
"forms > creditcard.monthmissingerror","Veuillez sélectionner un mois d'expiration","Selecteer vervaldatum - maand",,,"Selecteer vervaldatum - maand",
"forms > creditcard.numberexample","Exemple : 4111111111111111","Voorbeeld: 4111111111111111",,,"Voorbeeld: 4111111111111111",
"forms > creditcard.numbermissingerror","Veuillez saisir le numéro tel qu'il figure sur votre carte","Vul het nummer in dat op uw kaart vermeld staat",,,"Vul het nummer in dat op uw kaart vermeld staat",
"forms > creditcard.numberrangeerror","Le numéro doit avoir 13 ou 16 chiffres","Het nummer moet uit 13 of 16 cijfers bestaan.",,,"Het nummer moet uit 13 of 16 cijfers bestaan.",
"forms > creditcard.numbervalueerror","Numéro de carte de crédit non valide","Ongeldig creditcardnummer",,,"Ongeldig creditcardnummer",
"forms > creditcard.ownerlabel","Titulaire de la carte","Naam kaarthouder",,,"Naam kaarthouder",
"forms > creditcard.savecard","Enregistrer cette carte","Deze kaart registreren",,,"Deze kaart registreren",
"forms > creditcard.type","Type","Soort",,,"Soort",
"forms > creditcard.typemissing","Sélectionnez une carte","Selecteer een kaart",,,"Selecteer een kaart",
"forms > creditcard.yearmissingerror","Veuillez sélectionner une année d'expiration","Selecteer vervaldatum - jaar",,,"Selecteer vervaldatum - jaar",
"forms > creditcard.yearvalueerror","Cette carte de crédit est expirée","Deze creditcard is verlopen.",,,"Deze creditcard is verlopen.",
"forms > giftcert.purchase.from.label","Votre nom","Je naam",,"Ihr Name","Je naam","Tus apellidos"
"forms > global.createnowbutton","créer un compte","Account aanmaken",,,"Account aanmaken",
"forms > label.newpassword","Nouveau mot de passe","Nieuw wachtwoord",,,"Nieuw wachtwoord",
"forms > label.password","Mot de passe","Wachtwoord",,,"Wachtwoord",
"forms > label.username","Adresse e-mail","E-mailadres",,,"E-mailadres",
"forms > login.rememberme","Se souvenir de moi","Ingelogd blijven",,,"Ingelogd blijven",
"forms > ordertrack.orderEmail","E-mail de la commande","Bestel-e-mail",,,"Bestel-e-mail",
"forms > ordertrack.orderEmail.missing-error","Saisissez l'adresse e-mail utilisée pour cette commande.","Vul het voor deze bestelling gebruikte e-mailadres in.",,,"Vul het voor deze bestelling gebruikte e-mailadres in.",
"forms > ordertrack.orderNumber","Numéro de commande","Bestelnummer",,,"Bestelnummer",
"forms > ordertrack.orderNumber.missing-error","Saisissez un numéro de commande.","Vul een bestelnummer in.",,,"Vul een bestelnummer in.",
"forms > ordertrack.postalCode","Code postal de facturation","Postcode voor facturering",,,"Postcode voor facturering",
"forms > profile.confirmemail","Confirmer l'e-mail","Bevestig e-mailadres",,,"Bevestig e-mailadres",
"forms > profile.dob","Date de naissance","Geboortedatum",,"Geburtstag","Geboortedatum","Fecha de nacimiento"
"forms > profile.email","E-mail","E-mailadres
",,"E-Mail","E-mail","E-mail"
"forms > profile.firstname","Prénom","Voornaam",,"Vorname","Voornaam","Nombre"
"forms > profile.lastname","Nom","Achternaam",,"Name:","Naam","Apellidos"
"forms > profile.newpasswordconfirm","Confirmer le nouveau mot de passe","Bevestig wachtwoord",,,"Bevestig wachtwoord",
"forms > profile.passwordconfirm","Confirmer le mot de passe","Bevestig wachtwoord",,,"Bevestig wachtwoord",
"forms > profile.passwordnomatch","Ne correspond pas au mot de passe","Wachtwoord is niet correct",,,"Wachtwoord is niet correct",
"forms > profile.phone","Téléphone","Telefoonnummer",,"Telefon","Telefoonnummer","Teléfono"
"forms > promotions.address","Adresse","Adres",,"Adresse","Adres","Dirección"
"forms > promotions.civility","CivilitÃ©","Geslacht",,"Anrede","Aanspreking","Tratamiento"
"forms > promotions.contact","Vos données","Jouw gegevens",,"Kontaktdetails","Uw gegevens","Tus datos"
"forms > promotions.enteraddress","Saisissez votre adresse","Vul je adres in",,"Gib Deine Adresse ein","Voer uw adres in","Introduce tu dirección"
"forms > promotions.giftproduct","Produit cadeau","Kies je product",,"Gratis Geschenk","Geschenk","Producto para regalo"
"forms > promotions.incorrectiban","l'IBAN est incorrect","IBAN is niet correct",,"Ungültige IBAN.","IBAN is niet juist","El IBAN no es correcto"
"forms > promotions.mr","M.","Man",,"Herr","Mr.","Sr."
"forms > promotions.mrs","Mme","Vrouw",,"Frau","Mevr.","Sra."
"forms > promotions.productbought","Produit achetÃ©","Welk product heb je gekocht?",,"Gekauftes Produkt","Aangekocht product","Producto comprado"
"forms > promotions.promotion","bÃ©nÃ©ficier de l'offre","Neem deel aan de actie",,"Sichere Dir dieses Angebot","genieten van de aanbieding","Beneficiarse de la oferta"
"forms > promotions.purchasedate","Date d'achat","Aankoopdatum
",,"Kaufdatum","Aankoopdatum","Fecha de compra"
"forms > promotions.purchaseinfo","Détail de d'achats","Aankoopgegevens",,"Informationen zum Kauf","Detail van de aankoop","Datos de compra"
"forms > promotions.receipt","Ticket de caisse","Upload aankoopbewijs (.jpg, .gif, .png, .pdf)",,"Kaufbeleg","Kassabon","Ticket de caja"
"forms > promotions.store","Magasin","Waar heb je het product gekocht?",,"Händler","Winkel","Tienda"
"forms > promotions.street","Rue","Straat",,"Straße","Straat","Calle"
"forms > promotions.street_number","NumÃ©ro de rue","Huisnummer",,"Nummer","Nummer","Número"
"forms > promotions.submit","Envoyer","Sturen",,,"Sturen",
"forms > promotions.subscribe","En profiter","Nu aanmelden",,"Greif zu","Hiervan genieten","Aprovecha ahora"
"forms > promotions.terms","Voir conditions","Zie actievoorwaarden",,"Siehe AGB","Voorwaarden raadplegen","Ver condiciones"
"forms > resource.8_255characters","8 - 255 caractères","8-255 tekens",,,"8 - 255 tekens",
"forms > resource.address1","Adresse (ligne 1)","Straat en huisnummer",,,"Adres 1",
"forms > resource.address2","Adresse (ligne 2)","Adres 2 ",,,"Adres 2",
"forms > resource.addtocart","Ajouter au panier","kopen",,,"kopen",
"forms > resource.city","Ville","Woonplaats",,"Ort","Stad","Localidad"
"forms > resource.country","Pays","Land",,"Land","Land","País"
"forms > resource.postalCode_city","Code postal / Ville","Postcode / Woonplaats",,"Postleitzahl","Postcode / Stad","Código postal / Ciudad"
"forms > resource.postalcode","Code postal","Postcode",,,"Postcode",
"forms > resource.send","Envoyer","Sturen",,"Absenden","Versturen","Enviar"
"forms > resource.zipcode","Code postal","Postcode",,"Postleitzahl","Postcode","Código postal"
"forms > resource.zippostalcode","Code postal","Postcode",,,"Postcode",
"forms > restriction.country","Pays:","Country:",,"Land","Country:","País:"
"forms > subscribe.email.default","Adresse e-mail","E-mailadres",,,"E-mailadres",
"forms > summary.cgvacceptance","J’ai pris connaissance des <a href=""{0}"" class=""button-text"" target=""_blank""><b>CGV</b></a> et les accepte","Ik ga akkoord met de <a href =""{0}"" class =""button-text"" target =""_blank""><b>algemene voorwaarden</b></a>",,,"Ik ga akkoord met de <a href =""{0}"" class =""button-text"" target =""_blank""><b>algemene voorwaarden</b></a>",
"forms > title.address","adresse","adres",,,"adres",
"forms > title.creditcard","carte de crédit","creditcard",,,"creditcard",
"product > writereviewdialog.confirmation","Merci d'avoir soumis votre avis! Il sera examiné par notre équipe avant d'être publié.
","Bedankt voor je review!","Grazie per averci inviato la tua recensione! Sarà visionata dal nostro staff prima di essere pubblicata.","Danke für Deine Bewertung! Sie wird nach einer Überprüfung durch unser Team veröffentlicht.","Dank u voor uw bijdrage. Deze zal door onze teams worden beoordeeld voor publicatie.",
"product > product.bonusproductalert","Vous avez droit à un produit bonus.","U hebt recht op een bonusproduct.",,,"U hebt recht op een bonusproduct.",
"product > product.buy.here","ACHETER SUR CE SITE","In winkelmandje",,,"In winkelmandje",
"product > product.comparator.title","ÉPILATION BABYLISS","Babyliss ontharing",,,"Babyliss ontharing",
"product > product.label","Aller au produit : {0}","Ga naar product: {0}",,,"Ga naar product: {0}",
"product > product.profiter","en profiter","Bekijk nu",,"Entdecke mehr","Ontdek","disfrutar"
"account > account.addressbook.addresslist.create","Créer une adresse","Adres toevoegen",,,"Adres toevoegen",
"account > account.addressbook.addresslist.header","Adresses","Adressen",,,"Adressen",
"account > account.addressbook.miniaddress.phone","Téléphone :","Telefoon:",,,"Telefoon:",
"account > account.header","Mon compte","Mijn account",,,"Mijn account",
"account > account.header.creataccount","Création de compte","Account aanmaken",,,"Account aanmaken",
"account > account.login.checkmessage","Affichez votre commande même si vous n'êtes pas un utilisateur enregistré. Saisissez le numéro de la commande ainsi que le code postal de l'adresse de facturation.","Uw bestelling weergeven terwijl u geen geregistreerd gebruiker bent. Vul het bestelnummer in en de postcode van het factuuradres.",,,"Uw bestelling weergeven terwijl u geen geregistreerd gebruiker bent. Vul het bestelnummer in en de postcode van het factuuradres.",
"account > account.login.logininclude.customersheader","Connectez-vous","Inloggen",,,"Inloggen",
"account > account.login.logininclude.forgotpassword","Mot de passe oublié ?","Wachtwoord vergeten?",,,"Wachtwoord vergeten?",
"account > account.login.logininclude.forgotpassword.label","Demander la réinitialisation de votre mot de passe","Een nieuw wachtwoord aanvragen",,,"Een nieuw wachtwoord aanvragen",
"account > account.login.logininclude.locked","Ce compte est actuellement verrouillé.  Veuillez réessayer plus tard.","Dit account is op dit moment vergrendeld. Probeer het later nog eens.",,,"Dit account is op dit moment vergrendeld. Probeer het later nog eens.",
"account > account.login.logininclude.loginerror","Désolé, cette saisie ne correspond à aucun profil dans nos dossiers. Vérifiez l'orthographe et recommencez.","Helaas, de informatie die u hebt ingevuld is niet bekend in onze administratie. Controleer de spelling en probeer opnieuw.",,,"Helaas, de informatie die u hebt ingevuld is niet bekend in onze administratie. Controleer de spelling en probeer opnieuw.",
"account > account.login.logininclude.loginfberror","Désolé, cette adresse est déjà associée à un compte enregistré sur ce site.  Veuillez vous connecter ou utiliser le lien du mot de passe oublié pour réinitialiser votre mot de passe.","Helaas, dit adres is reeds gekoppeld aan een bestaand account van deze website. Log in of klik op de link 'wachtwoord vergeten' om uw wachtwoord opnieuw in te stellen.",,,"Helaas, dit adres is reeds gekoppeld aan een bestaand account van deze website. Log in of klik op de link 'wachtwoord vergeten' om uw wachtwoord opnieuw in te stellen.",
"account > account.login.logininclude.oauthcustomersheader","Connectez-vous à l'aide de votre compte à partir de","Log in met uw account vanaf",,,"Log in met uw account vanaf",
"account > account.login.logininclude.oauthcustomersheaderreturning","Vous vous êtes déjà connecté à l'aide du fournisseur externe ci-dessous. Cliquez sur ce fournisseur pour vous connecter à nouveau.","U bent al aangemeld via de onderstaande externe leverancier. Klik op deze leverancier om u opnieuw aan te melden.",,,"U bent al aangemeld via de onderstaande externe leverancier. Klik op deze leverancier om u opnieuw aan te melden.",
"account > account.login.logininclude.registered","Saisissez votre adresse email et votre mot de passe pour vous identifier sur le site.","Vul uw e-mailadres en uw wachtwoord in om in te loggen",,,"Vul uw e-mailadres en uw wachtwoord in om in te loggen",
"account > account.login.orderbutton","Vérifier la commande","Controleer de bestelling",,,"Controleer de bestelling",
"account > account.login.ordererror","Désolé, ce numéro de commande, cette adresse e-mail ou ce code postal ne correspond à aucun profil dans nos dossiers. Vérifiez les informations saisies et recommencez.","Helaas, dit bestelnummer, dit e-mailadres of deze postcode is niet bekend in onze administratie. Controleer de ingevulde informatie en probeer opnieuw.",,,"Helaas, dit bestelnummer, dit e-mailadres of deze postcode is niet bekend in onze administratie. Controleer de ingevulde informatie en probeer opnieuw.",
"account > account.login.orderheader","Vérifier la commande","CONTROLEER BESTELLING",,,"CONTROLEER BESTELLING",
"account > account.orderdetails.returnorder","<< Retour à l'historique des commandes","<< Terug naar bestelgeschiedenis",,,"<< Terug naar bestelhistoriek",
"account > account.orderdetails.returnshopping","Poursuivre les achats","Verder winkelen",,,"Verder winkelen",
"account > account.orders.datelabel","Date de la commande :","Besteldatum:",,,"Besteldatum:",
"account > account.orders.items","Articles :","Artikelen:",,,"Artikelen:",
"account > account.orders.noorders","Nous n'avons aucun enregistrement pour ce compte.","Dit account is niet bij ons geregistreerd.",,,"Dit account is niet bij ons geregistreerd.",
"account > account.orders.notfound","Désolé, la commande que vous essayez de suivre est introuvable.","Helaas, de bestelling die u probeert te volgen kan niet worden gevonden.",,,"Helaas, de bestelling die u probeert te volgen kan niet worden gevonden.",
"account > account.orders.numberlabel","Numéro de commande :","Bestelnummer:",,,"Bestelnummer:",
"account > account.orders.orderdetail","Détails de la commande","Bestelinformatie",,,"Bestelinformatie",
"account > account.orders.orderhistory","Historique des commandes","Bestelgeschiedenis",,,"Bestelhistoriek",
"account > account.orders.shippedto","Expédié à :","Vervalt op:",,,"Vervalt op:",
"account > account.orderstatusinclude.ordercanceled","Annulé","Geannuleerd",,,"Geannuleerd",
"account > account.orderstatusinclude.ordercontact","Contactez le support client :","Neem contact op met de Klantenservice:",,,"Neem contact op met de klantenservice:",
"account > account.orderstatusinclude.orderprocessed","En cours de traitement","In behandeling",,,"In behandeling",
"account > account.orderstatusinclude.ordershipped","Expédié","Vervallen",,,"Vervallen",
"account > account.orderstatusinclude.statuslabel","État de la commande :","Bestelstatus:",,,"Bestelstatus:",
"account > account.passwordchangedemail.dear","Cher(ère)","Beste",,,"Beste",
"account > account.passwordchangedemail.message1","Vous venez de créer un nouveau mot de passe pour votre compte.","Je wachtwoord is succesvol aangepast",,,"Je wachtwoord is succesvol aangepast",
"account > account.passwordchangedemail.message2","Vous pouvez accéder à votre compte à ","Log direct in",,,"Log direct in",
"account > account.passwordchangedemail.message3","Cet e-mail est généré automatiquement, merci de ne pas y répondre.","Dit is een automatisch gegenereerd bericht. Gelieve niet op deze e-mail te reageren.",,,"Dit is een automatisch gegenereerd bericht. Gelieve niet op deze e-mail te reageren.",
"account > account.passwordchangedemail.subject","Votre nouveau mot de passe","Uw wachtwoord is aangepast",,,"Uw wachtwoord is aangepast",
"account > account.passwordreset.button","Envoyer","Versturen",,,"Versturen",
"account > account.passwordreset.message","Indiquez votre adresse e-mail pour recevoir un message permettant de réinitialiser votre mot de passe.","Vul uw e-mailadres in. We sturen u dan een bericht, zodat u een nieuw wachtwoord kunt instellen.",,,"Vul uw e-mailadres in. We sturen u dan een bericht, zodat u een nieuw wachtwoord kunt instellen.",
"account > account.passwordreset.notfounderror","Aucune adresse e-mail correspondante n'a été trouvée.
Vérifiez l'orthographe et recommencez.","Dit e-mailadres werd niet gevonden. Controleer de spelling en probeer opnieuw.",,,"Dit e-mailadres werd niet gevonden. Controleer de spelling en probeer opnieuw.",
"account > account.passwordreset.resubmit","Pour envoyer une nouvelle demande, cliquez ici","Om een nieuwe vraag te versturen, klik hier",,,"Om een nieuwe vraag te versturen, klik hier",
"account > account.passwordreset.sent","Consultez votre messagerie pour voir si vous avez reçu un e-mail contenant un lien pour réinitialiser votre mot de passe.","Controleer in uw postvak of u een e-mail hebt ontvangen met een link voor het opnieuw instellen van uw wachtwoord.",,,"Controleer in uw postvak of u een e-mail hebt ontvangen met een link voor het opnieuw instellen van uw wachtwoord.",
"account > account.passwordreset.title","Réinitialiser le mot de passe","Wachtwoord opnieuw instellen",,,"Wachtwoord opnieuw instellen",
"account > account.passwordreset.title2","Demande de réinitialisation de votre mot de passe","Verzoek tot resetten wachtwoord",,,"Verzoek tot resetten wachtwoord",
"account > account.passwordresetconfirm.homepagelink","Aller à la page d'accueil","Naar de startpagina gaan",,,"Naar de startpagina gaan",
"account > account.passwordresetconfirm.message","Nous vous remercions de nous avoir communiqué votre adresse e-mail. Nous vous avons envoyé un e-mail contenant les informations nécessaires pour réinitialiser votre mot de passe. La réception de cet e-mail peut prendre quelques minutes. Vérifiez dans votre dossier des courriers indésirables si vous n'avez pas déjà reçu cet e-mail.","Bedankt voor het invoeren van uw e-mailadres. We hebben u een e-mail gestuurd met informatie hoe u uw wachtwoord opnieuw kunt instellen. Het kan een paar minuten duren voordat u deze e-mail ontvangt. Ziet u de e-mail niet verschijnen, controleer dan of deze in uw ongewenste of spam inbox staat.",,,"Bedankt voor het invoeren van uw e-mailadres. We hebben u een e-mail gestuurd met informatie hoe u uw wachtwoord opnieuw kunt instellen. Het kan een paar minuten duren voordat u deze e-mail ontvangt. Ziet u de e-mail niet verschijnen, controleer dan of deze in uw ongewenste of spam inbox staat.",
"account > account.passwordresetconfirm.title","Demande de réinitialisation de votre mot de passe reçue","De aanvraag om uw wachtwoord opnieuw in te stellen is ontvangen",,,"De aanvraag om uw wachtwoord opnieuw in te stellen is ontvangen",
"account > account.paymentinstrumentdetails.expires","Date d'expiration :","Vervaldatum:",,,"Vervaldatum:",
"account > account.paymentinstrumentlist.addcard","Ajouter une carte de crédit","Een creditcard toevoegen",,,"Een creditcard toevoegen",
"account > account.paymentinstrumentlist.addcard.label","Ajouter une carte de crédit à ce compte","Een creditcard toevoegen aan dit account",,,"Een creditcard toevoegen aan dit account",
"account > account.paymentinstrumentlist.header","Informations de carte de crédit","Creditcardinformatie",,,"Creditcardinformatie",
"account > account.setnewpassword.title","Définir un nouveau mot de passe","Vul een nieuw wachtwoord in",,,"Vul een nieuw wachtwoord in",
"account > account.user.registration.createnew","Créer un compte","Een account aanmaken",,,"Een account aanmaken",
"account > account.user.registration.editaccount","Données personnelles","Persoonlijke gegevens","Dati personali",,"Persoonlijke gegevens",
"account > account.user.registration.editname","Modifier nom / email","Mijn gegevens","Modificatore Nome / Email",,"Mijn gegevens",
"account > account.user.registration.logininfo","E-mail/informations de connexion","E-mail/inloggegevens",,,"E-mail/inloggegevens",
"account > account.user.registration.name","Nom / Email","Naam / e-mail","Nome / Email",,"Naam / e-mail",
"account > wishlist.addaddress","Ajouter une adresse de livraison","Een bezorgadres toevoegen",,,"Een leveringsadres toevoegen",
"checkout > approachingpromo.purchase","Achetez","Kopen",,,"Kopen",
"checkout > approachingpromo.receive","et recevez","en ontvang",,,"en ontvang",
"checkout > billing.addressheader","Facturation","Facturering",,,"Facturering",
"checkout > billing.creditcarddeleteconfirm","Voulez-vous supprimer cette carte de crédit ?","Wilt u deze creditcard verwijderen?",,,"Wilt u deze creditcard verwijderen?",
"checkout > billing.creditcarddeleted","La carte de crédit a été supprimée !","De creditcard is verwijderd!",,,"De creditcard is verwijderd!",
"checkout > billing.creditcarddeletenotselected","Sélectionnez la carte de crédit à supprimer.","Selecteer de creditcard die moet worden verwijderd.",,,"Selecteer de creditcard die moet worden verwijderd.",
"checkout > billing.creditcardexpires","Expire","Vervalt op",,,"Vervalt op",
"checkout > billing.creditcardlistexp","Expiration","Vervaldatum",,,"Vervaldatum",
"checkout > billing.creditcardlistnocards","Il n'y a actuellement aucune carte enregistrée.","Er is op dit moment geen kaart geregistreerd.",,,"Er is op dit moment geen kaart geregistreerd.",
"checkout > billing.creditcardlistselect","Sélectionner parmi les cartes enregistrées","Selecteer een van de geregistreerde kaarten",,,"Selecteer een van de geregistreerde kaarten",
"checkout > billing.creditcardloaderror","Impossible de charger la carte de crédit !","Creditcardbetaling niet mogelijk!",,,"Creditcardbetaling niet mogelijk!",
"checkout > billing.creditcardnotdeleted","La carte de crédit n'a pas pu être supprimée !","De creditcard kon niet worden verwijderd!",,,"De creditcard kon niet worden verwijderd!",
"checkout > billing.deletecard","Supprimer la carte","Kaart verwijderen",,,"Kaart verwijderen",
"checkout > billing.missingprocessorerror","Le mode de paiement que vous avez sélectionné n'est pas disponible actuellement. Sélectionnez un autre mode de paiement.","De betaalwijze die u hebt gekozen, is op dit moment niet beschikbaar. Kies een andere betaalwijze.",,,"De betaalwijze die u hebt gekozen, is op dit moment niet beschikbaar. Kies een andere betaalwijze.",
"checkout > billing.newcreditcardadded","La nouvelle carte de crédit a été ajoutée.","De nieuwe creditcard is toegevoegd.",,,"De nieuwe creditcard is toegevoegd.",
"checkout > billing.ownerparseerror","Ceci est un numéro de carte de crédit. Saisissez le nom du titulaire de la carte de crédit.","Dit is een creditcardnummer. Vul de naam van de creditcardhouder in.",,,"Dit is een creditcardnummer. Vul de naam van de creditcardhouder in.",
"checkout > billing.paymentheader","Sélectionner un mode de paiement","Selecteer een betaalwijze",,,"Selecteer een betaalwijze",
"checkout > billing.selectcreditcard","Sélectionner une carte de crédit","Selecteer een creditcard",,,"Selecteer een creditcard",
"checkout > billing.zerobalance","Le solde à payer de votre commande est nul. Par conséquent, aucun mode de paiement n'est nécessaire pour terminer cette commande.","Het te betalen saldo voor uw bestelling is nul. U hoeft daarom geen betaalwijze te kiezen om deze bestelling af te ronden.",,,"Het te betalen saldo voor uw bestelling is nul. U hoeft daarom geen betaalwijze te kiezen om deze bestelling af te ronden.",
"checkout > cart.COUPON_CODE_MISSING","Saisissez un code promo.","Vul een actiecode in.",,,,
"checkout > cart.COUPON_CODE_UNKNOWN","Le code de bon de réduction ""{0}"" est inconnu.","Helaas, de voucher code ""{0}"" is niet geldig en kan niet worden toegevoegd.",,,,
"checkout > cart.NO_ACTIVE_PROMOTION","Le code de bon de réduction ""{0}"" ne peut actuellement pas être ajouté à votre panier.","Helaas, de voucher code ""{0}"" is niet geldig en kan niet worden toegevoegd.",,,,
"checkout > cart.bonusnumselected","Vous avez sélectionné {0} article(s).","U hebt {0} artikel(en) geselecteerd.",,,"U hebt {0} artikel(en) geselecteerd.",
"checkout > cart.bonusproduct.button.more","plus","meer",,,"meer",
"checkout > cart.cartcouponinvalid","Votre panier contient actuellement un bon de réduction invalide. Supprimez ce bon de réduction avant d'accéder au paiement.","Uw winkelmand bevat een ongeldige kortingsbon. Verwijder deze kortingsbon voordat u doorgaat naar de betaling.",,,"Uw winkelmand bevat een ongeldige kortingsbon. Verwijder deze kortingsbon voordat u doorgaat naar de betaling.",
"checkout > cart.cartempty","Votre panier est vide","Uw winkelmand is leeg.",,,"Uw winkelmand is leeg.",
"checkout > cart.carterror","Votre panier ne peut pas être validé car un ou plusieurs produits
	qu'il contient comportent une erreur de prix ou ne sont pas disponibles dans la quantité demandée. Supprimez le ou les produits marqués d'un prix
 S/O de votre panier ou adaptez les quantités en fonction des disponibilités. Pour toute question, contactez le service client.","Uw winkelmand kan niet worden bevestigd doordat één of meerdere producten in de mand een onjuiste prijs hebben of niet beschikbaar zijn in de gevraagde hoeveelheid. Verwijder het product/de producten met een onjuiste prijs uit uw mand of pas de hoeveelheid aan op basis van de beschikbaarheid. Bij vragen kunt u contact opnemen met onze klantenservice.",,,"Uw winkelmand kan niet worden bevestigd doordat één of meerdere producten in de mand een onjuiste prijs hebben of niet beschikbaar zijn in de gevraagde hoeveelheid. Verwijder het product/de producten met een onjuiste prijs uit uw mand of pas de hoeveelheid aan op basis van de beschikbaarheid. Bij vragen kunt u contact opnemen met onze klantenservice.",
"checkout > cart.couponcode","Numéro du bon de réduction :","Voucher code:",,,,
"checkout > cart.entercouponcode","code promo","VUL HIER JE VOUCHER CODE IN",,,,
"checkout > cart.itemtotal","Total des articles","Totaal van de artikelen",,,"Totaal van de artikelen",
"checkout > cart.lastvisited.header","Date de la dernière visite","Datum laatste bezoek",,,"Datum laatste bezoek",
"checkout > cart.limitedQuantity","Votre panier ne peut actuellement pas être converti en commande car un ou plusieurs produits qu'il contient ont un prix non valide ou ne sont pas disponibles dans la quantité demandée. Pour toute question, contactez le service client.","De bestelling van de producten in uw winkelmand kan niet worden uitgevoerd doordat één of meerdere producten in de mand een ongeldige prijs heeft of niet beschikbaar is in de gevraagde hoeveelheid. Bij vragen kunt u contact opnemen met onze klantenservice.",,,"De bestelling van de producten in uw winkelmand kan niet worden uitgevoerd doordat één of meerdere producten in de mand een ongeldige prijs heeft of niet beschikbaar is in de gevraagde hoeveelheid. Bij vragen kunt u contact opnemen met onze klantenservice.",
"checkout > cart.option","Option","Optie",,,"Optie",
"checkout > cart.store.deliveryoptions","Options de livraison","Bezorgopties",,,"Bezorgopties",
"checkout > cart.store.homedelivery","Livraison à domicile","Bezorging op huisadres",,,"Bezorging op huisadres",
"checkout > cart.store.instorepickup","Livraison en magasin","Aflevering in de winkel",,,"Aflevering in de winkel",
"checkout > cart.store.notavailable","Non disponible","Niet beschikbaar",,,"Niet beschikbaar",
"checkout > cart.store.storepickupaddress","Adresse du magasin","Adres winkel",,,"Adres winkel",
"checkout > cart.taxinvalid","Une erreur s'est produite lors du calcul des taxes pour un ou plusieurs produits de votre panier.","Er is een fout opgetreden bij de berekening van de belasting voor één of meerdere producten in uw winkelmand.",,,"Er is een fout opgetreden bij de berekening van de belasting voor één of meerdere producten in uw winkelmand.",
"checkout > cart.unableToAdd","Impossible d'ajouter l'article '{0}' au panier","Artikel '{0}' kan niet worden toegevoegd aan winkelmand",,,,
"checkout > checkoutlogin.checkoutguestbutton","Continuer","doorgaan",,,"Doorgaan",
"checkout > checkoutlogin.guestheader","Nouveaux clients","Nieuwe klanten",,,"Nieuwe klanten",
"checkout > checkoutlogin.guestmessage","Vous pouvez passer votre commande sans inscription. Si vous le souhaitez, vous pourrez créer votre compte plus tard.","U kunt uw bestelling plaatsen zonder u eerst in te schrijven. Indien gewenst kunt u later nog een account aanmaken.",,,"U kunt uw bestelling plaatsen zonder u eerst in te schrijven. Indien gewenst kunt u later nog een account aanmaken.",
"checkout > checkoutlogin.guesttitle","Commander en tant qu’invité","Bestellen als gast",,,"Bestellen als gast",
"checkout > checkoutlogin.registerbenefits","Pourquoi créer son compte ?","Waarom een account aanmaken?",,,"Waarom een account aanmaken?",
"checkout > checkoutprogressindicator.billing","Facturation","facturatie",,,"facturatie",
"checkout > checkoutprogressindicator.placeorder","Commande","Bestelling",,,"Bestelling",
"checkout > checkoutprogressindicator.shipping","Livraison","Bezorging",,,"Bezorging",
"checkout > checkoutprogressindicator.shippingmethods","Modes de livraison","Bezorgingsmethoden",,,"Bezorgingsmethoden",
"checkout > checkoutprogressindicator.step1","Étape 1 :","Stap 1:",,,"Stap 1:",
"checkout > checkoutprogressindicator.step2","Étape 2 :","Stap 2:",,,"Stap 2:",
"checkout > checkoutprogressindicator.step3","Étape 3 :","Stap 3:",,,"Stap 3:",
"checkout > checkoutprogressindicator.step4","Étape 4 :","Stap 4:",,,"Stap 4:",
"checkout > confirm.error.declined","Votre commande n'a pas pu être validée. Vérifiez vos modes de paiement et recommencez. Nous vous remercions de votre patience.","Uw bestelling kon niet worden bevestigd. Controleer uw betaalwijze en probeer het opnieuw.",,,"Uw bestelling kon niet worden bevestigd. Controleer uw betaalwijze en probeer het opnieuw.",
"checkout > confirm.error.technical","Nous sommes désolés mais votre commande n’a pas pu être validée (le paiement a échoué). Merci de confirmer à nouveau votre commande et de ressaisir les données de paiement.","Helaas, er is iets misgegaan met de betaling. We hebben de betaling niet kunnen verwerken. Bevestig opnieuw je bestelling en vul nogmaals je gegevens in.",,,"Helaas, er is iets misgegaan met de betaling. We hebben de betaling niet kunnen verwerken. Bevestig opnieuw je bestelling en vul nogmaals je gegevens in.",
"checkout > confirmation.message","Pour toute question sur votre commande, contactez-nous au","Hebt u vragen over uw bestelling, neem dan contact met ons op via",,,"Hebt u vragen over uw bestelling, neem dan contact met ons op via",
"checkout > confirmation.returnshop","Poursuivre mes achats","Bestelling afronden",,,"Verder winkelen",
"checkout > confirmation.thankyou","Merci pour votre commande.","Bedankt voor uw bestelling.",,,"Bedankt voor uw bestelling.",
"checkout > minibillinginfo.amount","Montant","Bedrag",,,"Bedrag",
"checkout > minibillinginfo.billingaddress","Adresse de facturation","Facturatie Adres",,,,
"checkout > minicart.directcheckout","ou aller directement au paiement","of ga direct naar betalen",,,"of ga direct naar betalen",
"checkout > minicart.title","Votre panier","Uw winkelmand",,,"Uw winkelmand",
"checkout > minicart.viewcart","Afficher le panier","Winkelmand weergeven",,,"Winkelmand weergeven",
"checkout > minicart.viewcart.label","Aller au panier","Naar de winkelmand gaan",,,"Naar de winkelmand gaan",
"checkout > minishipments.shippingaddress","Adresse de livraison","afleveradres",,,"Leveringsadres",
"checkout > multishippingshipments.shipment","Livraison","Verzending",,,"Levering",
"checkout > singleshipping.enteraddress","Livraison","Afleveradres",,,"Levering",
"checkout > singleshipping.phonerequired","Pourquoi est-ce obligatoire ?","Waarom is dit verplicht?",,,"Waarom is dit verplicht?",
"checkout > summary.applied","Appliqué","Toegepast",,,"Toegepast",
"checkout > summary.couponnumber","N° du bon de réduction :","Voucher code:",,,,
"checkout > summary.editcart","Modifier le panier","Winkelmand aanpassen",,,"Winkelmand aanpassen",
"checkout > summary.notapplied","Non appliqué","Niet van toepassing",,,"Niet van toepassing",
"checkout > summary.orderdiscount","Remise sur la commande :","Korting op de bestelling:",,,"Korting op de bestelling:",
"checkout > summary.ordertotal","Total","Totaal",,,"Totaal",
"checkout > summary.title","Récapitulatif de la commande","Besteloverzicht",,,"Besteloverzicht",
"common > error_forbidden.message","Votre session a peut-être été détournée. Retour à la","Je sessie is mogelijk verplaatst. Ga terug naar de",,"Die Sitzung wurde möglicherweise umgeleitet. Gehe zurück zur","Uw sessie werd mogelijk omgeleid. Terug naar","Su sesión puede haber sido desviada. Volver a"
"components > menulinksleft.ecommerce","E-SHOP","shop",,,,
"components > menulinksright.promotions","Promotions","Promoties","Promozione",,"Promoties",
"components > orderdetails.billingaddress","Adresse de facturation","Factuuradres",,,"Factuuradres",
"components > orderdetails.paymentmethod","Mode de paiement","Betaalwijze",,,"Betaalwijze",
"components > orderdetails.paymenttotal","Total paiement","Totaal te voldoen",,,"Totaal te betalen",
"components > orderdetails.shippingaddress","Adresse de livraison","Bezorgadres",,,"Leveringsadres",
"components > orderdetails.shippingdetails","Détails de la livraison","Bezorginformatie",,,"Leveringsinformatie",
"components > orderdetails.shippingmethod","Mode de livraison :","Bezorgingsmethode:",,,"Leveringsmethode:",
"components > orderdetails.shippingstatus","état de la livraison :","bezorgstatus:",,,"Leveringsstatus:",
"components > orderdetails.shippingto","Livraison à ","Bezorging op",,,"Levering op",
"components > orderdetails.tracking","Numéro de suivi :","Trackingnummer:",,,"Trackingnummer:",
"components > ordersummary.orderdiscount","Remise sur la commande","Korting op de bestelling",,,,
"components > ordersummary.ordershipping","Livraison","Bezorging",,,"Levering",
"components > ordersummary.ordersubtotal","Sous-total de la commande","Subtotaal van de bestelling",,,"Subtotaal van de bestelling",
"components > ordersummary.subtotal","Sous-total","Subtotaal",,,"Subtotaal",
"contact > contact.accessories.label","Commande accessoires","Losse Onderdelen","Per ordinare degli accessori",,"Bestelling accessoires",
"email > contactus.sav","Demande de SAV / Réclamation provenant de votre site Internet","Garantie aanvraag",,"Service und Reklamation : Anfrage über Kontaktformular ","Aanvraag voor service na verkoop / klacht vanaf uw website","Información y consultas sobre devoluciones en relación al sitio web"
"email > contactus.other","Demande Autres provenant de votre site Internet","Contact",,"Sonstiges: Anfrage über Kontaktformular ","Andere vragen vanaf uw website","Otras consultas en relación al sitio web"
"email > contactus.subject.accessories","Commande accessoires","Losse Onderdelen","Per ordinare degli accessori",,"Bestelling accessoires","Solicitar accesorios"
"email > contactus.subject.notice","Notice d'utilisation","Gebruiksaanwijzing ","Istruzioni per l'uso",,"Gebruiksaanwijzing","Manual de instrucciones"
"email > contactus.text","Un message a été déposé sur le site Babyliss.FR.","Er is een bericht achtergelaten op de BaByliss.nl website ","Un messaggio è stato rilasciato sul sito Babyliss.FR.","Danke für deine Nachricht.","Er werd een bericht verstuurd via de website Babyliss.BE.",
"email > orderconfirmation.altorderconfirmed","Votre commande est confirmée !","Uw bestelling is bevestigd!",,,"Uw bestelling is bevestigd!",
"email > orderconfirmation.azur","N° AZUR 0 810 34 35 36 prix appel local","030 221 99 74",,,"030 221 99 74",
"email > orderconfirmation.contactus","Pour toute question sur votre commande, <br class=""hide""/>contactez-nous par email en remplissant le <a href=""{0}"" target=""_blank"" style=""text-decoration:none;font-size:16px;""><u style=""color:#0a011d"">formulaire de contact</u></a> <br class=""hide""/>ou par téléphone du lundi au vendredi, de 9h à 17h30 au&nbsp;numéro&nbsp;suivant","Heb je vragen over je bestelling? <br class=""hide""/>Neem dan contact met ons op via e-mail door het <a href=""{0}"" target=""_blank"" style=""text-decoration:none;font-size:16px;""><u style=""color:#0a011d"">contactformulier in te vullen</u></a> <br class=""hide""/>of telefonisch, van maandag tot en met donderdag, van 9:00 tot 17:00 uur en vrijdag, van 9:00 tot 15:30 uur op het&nbsp;volgende telefoonnummer&nbsp; ",,,"Hebt u vragen over uw bestelling? <br class=""hide""/>Neem dan contact met ons op via e-mail door het <a href=""{0}"" target=""_blank"" style=""text-decoration:none;font-size:16px;""><u style=""color:#0a011d"">contactformulier in te vullen</u></a> <br class=""hide""/>of telefonisch, van maandag tot en met donderdag, van 9:00 tot 17:00 uur en vrijdag, van 9:00 tot 15:30 uur op het&nbsp;volgende telefoonnummer&nbsp;",
"email > orderconfirmation.generatedmail","Cet e-mail est généré automatiquement, merci de ne pas y répondre.","Dit is een automatisch gegenereerd bericht. Gelieve niet op deze e-mail te reageren. ",,,"Dit is een automatisch gegenereerd bericht. Gelieve niet op deze e-mail te reageren.",
"email > orderconfirmation.paymentinfos","Informations pour le paiement","Betalingsinformatie ",,,"Betalingsinformatie",
"email > orderconfirmation.preheader","Confirmation de votre commande","Bevestiging van uw bestelling ",,,"Bevestiging van uw bestelling",
"email > orderconfirmation.shippingcost","Frais de livraison","Verzendkosten ",,,"Leveringskosten",
"email > orderconfirmation.subject","Confirmation de commande Babyliss","bevestiging van uw bestelling ",,,"Bevestiging van uw bestelling",
"email > orderconfirmation.tel","Tél :","Tel.: ",,,"Tel.:",
"email > orderconfirmation.thankfororder","<i>
<b>Merci pour votre commande,</b>
<br/><br/>
Nous avons le plaisir de vous confirmer que nous avons bien enregistré votre commande et nous vous remercions de votre confiance.
</i>
<br/><br/><br/>","<i>
<b>Bedankt voor je bestelling!</b>
<br/><br/>
We hebben jouw bestelling goed ontvangen en gaan deze gereed maken voor verzending.
<br/>De details van je bestelling vind je hieronder.
</i>
<br/><br/><br/> ",,,"<i>
<b>Bedankt voor uw bestelling,</b>
<br/><br/>
We zijn verheugd u te kunnen melden dat wij uw bestelling in goede orde hebben ontvangen en danken u voor uw vertrouwen.
</i>
<br/><br/><br/>",
"email > orderconfirmation.thankfororder2","Encore merci de votre confiance et à&nbsp;bientôt&nbsp;sur&nbsp;<a href=""http://www.babyliss.com"" target=""_blank"" style=""text-decoration:none;font-size:16px;""><span style=""color:#0a011d"">Babyliss.com</span></a>
<br/>L'équipe Babyliss","Dank voor je vertrouwen in BaByliss en tot ziens op<a href=""http://www.babyliss.nl"" target=""_blank"" style=""text-decoration:none;font-size:16px;""><span style=""color:#0a011d""> BaByliss.nl!</span></a>
<br/>Het BaByliss-team",,,"Nogmaals bedankt voor uw vertrouwen en tot ziens op<a href=""http://www.babyliss.be"" target=""_blank"" style=""text-decoration:none;font-size:16px;""><span style=""color:#0a011d""> BaByliss.be</span></a>
<br/>Het BaByliss-team",
"email > passwordemail.corpsmessage","<br/><br/>
Nous avons reçu un message demandant de réinitialiser le mot de passe associé à cette adresse e-mail. Si vous êtes bien l'auteur de cette demande, veuillez suivre les instructions ci-dessous. 
<br/><br/>
Si vous n'avez pas demandé la réinitialisation de votre mot de passe, ignorez simplement cet e-mail. Soyez sans crainte, votre compte utilisateur est toujours protégé.
<br/><br/>
Cliquez ci-dessous pour réinitialiser dès maintenant votre mot de passe :","<br/><br/>We hebben een verzoek ontvangen om het wachtwoord dat aan dit e-mailadres is gekoppeld te wijzigen. Hebt u dit verzoek verstuurd, volg dan de onderstaande instructies. 
<br/><br/>
Hebt u niet om een wijziging van uw wachtwoord gevraagd, dan kunt u deze e-mail gewoon negeren. Maak u geen zorgen, uw gebruikersaccount is nog altijd goed beschermd.
<br/><br/>
Klik hieronder om nu uw wachtwoord opnieuw in te stellen:",,,"<br/><br/>We hebben een verzoek ontvangen om het wachtwoord dat aan dit e-mailadres is gekoppeld te wijzigen. Hebt u dit verzoek verstuurd, volg dan de onderstaande instructies. 
<br/><br/>
Hebt u niet om een wijziging van uw wachtwoord gevraagd, dan kunt u deze e-mail gewoon negeren. Maak u geen zorgen, uw gebruikersaccount is nog altijd goed beschermd.
<br/><br/>
Klik hieronder om nu uw wachtwoord opnieuw in te stellen:",
"email > passwordemail.forgottenpassword","Vous avez oublié votre mot de passe ?","U bent uw wachtwoord vergeten? ",,,"U bent uw wachtwoord vergeten?",
"email > passwordemail.nolink1","Si un clic ne suffit pas pour ouvrir le lien, copiez et collez ce lien : 
<br/><br/>","Werkt de knop niet, kopieer en plak dan deze link in uw browser: 
<br/><br/> ",,,"Werkt de knop niet, kopieer en plak dan deze link in uw browser: 
<br/><br/>",
"email > passwordemail.nolink2","<br/>dans la zone d'adresse de votre navigateur ou retapez-le dans ce même endroit. Vous recevrez les instructions à suivre pour réinitialiser votre mot de passe. Remarque : ce lien n'est actif que pendant une courte période.
<br/><br/>
Pour des raisons de sécurité, ce lien arrivera à expiration dans 30 minutes ou dès que vous aurez réinitialisé votre mot de passe.
<br/><br/>
<span style=""font-size:10px;"" class=""f16center"">Cet e-mail est généré automatiquement, merci de ne pas y répondre.</span>","<br/>in de adresbalk van uw browser of typ hem daar over. U ontvangt dan instructies voor het opnieuw instellen van uw wachtwoord.",,,"<br/>in de adresbalk van uw browser of typ hem daar over. U ontvangt dan instructies voor het opnieuw instellen van uw wachtwoord.",
"email > passwordemail.oupsforgottenpassword","Oups ! Vous avez oublié votre mot de passe","Oeps! U bent uw wachtwoord vergeten",,,,
"email > passwordemail.resetpassword","RÉINITIALISER MON MOT DE PASSE","WACHTWOORD INSTELLEN ",,,"WACHTWOORD INSTELLEN",
"email > passwordemail.subject","Votre mot de passe Babyliss","Uw BaByliss-wachtwoord ",,,"Uw BaByliss-wachtwoord",
"email > resource.dear","Cher(ère)","Beste",,,"Beste",
"email > resource.from","noreply@babyliss.fr","noreply@babyliss.nl",,,"noreply@babyliss.be",
"email > resource.passwordassistance","Aide pour le mot de passe","Uw wachtwoord is aangepast",,,"Uw wachtwoord is aangepast",
"email > welcoming.confirmation","Nous vous confirmons <span class=""block"">la création de votre compte.</span><br/>Merci de votre confiance et <span class=""block"">à très bientôt sur <a href=""http://www.babyliss.fr"" target=""_blank"" style=""text-decoration:none;font-size:16px;""><u style=""color:#0a011d"">babyliss.fr</u></a>&nbsp;!</span>","Hierbij bevestigen wij dat <span class=""block"">uw account is aangemaakt.</span><br/>Bedankt voor uw vertrouwen en <span class=""block"">à très tot ziens op <a href=""http://www.babyliss.nl"" target=""_blank"" style=""text-decoration:none;font-size:16px;""><u style=""color:#0a011d"">babyliss.nl</u></a>&nbsp;!</span> ",,,"Hierbij bevestigen wij dat <span class=""block"">uw account is aangemaakt.</span><br/>Bedankt voor uw vertrouwen en <span class=""block"">à très tot ziens op <a href=""http://www.babyliss.be"" target=""_blank"" style=""text-decoration:none;font-size:16px;""><u style=""color:#0a011d"">babyliss.be</u></a>&nbsp;!</span>",
"email > welcoming.easierpurchase","Facilitez vos prochains<br/>achats en enregistrant vos<br/>informations de facturation<br/>et livraison","Winkel voortaan nog gemakkelijker<br/>aankopen gemakkelijker door uw <br/>factuur- <br/>en bezorginformatie op te slaan",,,,
"email > welcoming.espaceperso","Bienvenue sur votre espace personnel Babyliss","Welkom op uw persoonlijke BaByliss-pagina ",,,"Welkom op uw persoonlijke BaByliss-pagina",
"email > welcoming.history","Retrouvez l’historique<br/>de vos commandes","Uw l’bestelgeschiedenis<br/>ophalen ",,,"Uw l’bestelgeschiedenis<br/>ophalen",
"email > welcoming.logo.alt","BaByliss Paris","BaByliss Paris",,,"BaByliss Paris",
"email > welcoming.noreply","Cet e-mail est généré automatiquement, merci de ne pas y répondre.","Dit is een automatisch gegenereerd bericht. Gelieve niet op deze e-mail te reageren. ",,,"Dit is een automatisch gegenereerd bericht. Gelieve niet op deze e-mail te reageren.",
"email > welcoming.receiveoffer","Recevez des actualités<br/>et offres exclusives<br/>par email&nbsp;!","Ontvang het laatste nieuws<br/>en exclusieve aanbiedingen<br/>per e-mail&nbsp;! ",,,"Ontvang het laatste nieuws<br/>en exclusieve aanbiedingen<br/>per e-mail&nbsp;!",
"email > welcoming.subject","Babyliss vous remercie d'avoir crée votre compte","BaByliss bedankt u omdat u een account hebt aangemaakt ",,,"BaByliss bedankt u omdat u een account hebt aangemaakt",
"email > welcoming.thank","Merci d'avoir créé votre compte Babyliss","Bedankt dat u een BaByliss-account hebt aangemaakt ",,,"Bedankt dat u een BaByliss-account hebt aangemaakt",
"email > welcoming.univers","A chacun son univers, à chacun ses produits préférés chez BaByliss","Producten voor iedereen, ieder zijn eigen BaByliss-favorieten ",,,"Producten voor iedereen, ieder zijn eigen BaByliss-favorieten",
"locale > global.accountlink","Mon compte","Mijn account",,,"Mijn account",
"locale > global.addtocart","ACHETER SUR CE SITE","In winkelmandje",,,"In winkelmandje",
"locale > global.allnotavailable","Cet article n'est pas disponible actuellement.","momenteel niet voorraadig",,,"momenteel niet voorraadig",
"locale > global.amount","Montant","Bedrag",,,"Bedrag",
"locale > global.applied","Appliqué","Toegepast",,,"Toegepast",
"locale > global.apply","OK","CONTROLEREN",,,"REGISTREREN",
"locale > global.availability","Disponibilité","Beschikbaarheid",,,"Beschikbaarheid",
"locale > global.carousel.featuredproducts","Vous pourriez être intéressé(e) par ces produits","Producten die voor u mogelijk interessant zijn",,,"Producten die voor u mogelijk interessant zijn",
"locale > global.checkout","Valider & payer","doorgaan met je bestelling",,,"Doorgaan met uw bestelling",
"locale > global.continue","Continuer","Doorgaan",,,"Doorgaan",
"locale > global.continuebilling","Continuer >","verder",,,"verder",
"locale > global.continuecheckout","Poursuivre le paiement","Verder met betalen",,,"Verder met betalen",
"locale > global.continueplaceorder","Continuer >","Doorgaan >",,,"Doorgaan >",
"locale > global.continueshippingmethods","Choisir le mode de livraison >","Kies bezorgmethode >",,,"Kies leveringsmethode >",
"locale > global.continueshopping","Continuer les achats","Verder winkelen",,,"Verder winkelen",
"locale > global.createbutton","Créer un compte","Creeër account",,,"Creeër account",
"locale > global.createnowbutton","Créer un compte","Account aanmaken",,,"Account aanmaken","crear una cuenta"
"locale > global.delete","Supprimer","Verwijderen",,,"Verwijderen",
"locale > global.deliveredviaemail","- Envoyé par e-mail","- Verstuurd per e-mail",,,"- Verstuurd per e-mail",
"locale > global.description","Description","Beschrijving",,,"Beschrijving",
"locale > global.details","Détails","Gegevens",,,"Gegevens",
"locale > global.edit","Modifier","Aanpassen",,,"Aanpassen",
"locale > global.editaaddress","Modifier l'adresse","Adres aanpassen",,,"Adres aanpassen",
"locale > global.editdetails","Modifier les détails","Gegevens aanpassen",,,"Gegevens aanpassen",
"locale > global.error","Erreur","Fout",,,"Fout",
"locale > global.estimatedtotal","Total panier","Totaal bedrag",,,"Totaal bedrag",
"locale > global.find","Rechercher","Zoeken",,,"Zoeken",
"locale > global.folderrefinement.label.prefix","Aller à la page :","Naar de pagina gaan:",,,"Naar de pagina gaan:",
"locale > global.free","Gratuit","Gratis",,,"Gratis",
"locale > global.from","De","van",,,"van",
"locale > global.go","Valider","Bevestigen",,,"Bevestigen",
"locale > global.goprevious","Précédent","Vorige",,,"Vorige",
"locale > global.header.wishlistlink","Liste de souhaits","Verlanglijst",,,"Verlanglijst",
"locale > global.instock","En stock","Op voorraad",,,"Op voorraad",
"locale > global.invalidpostal","Format requis : 12345, pour rappel nous ne livrons qu'en France Métropolitaine","Voer een geldige postcode in. Voorbeeld 1234 AB",,,,
"locale > global.item","Article","Artikel",,,"Artikel",
"locale > global.itemno","Référence :","Type:",,,"Type:",
"locale > global.login","Connexion","Inloggen",,,"Inloggen",
"locale > global.logout","Déconnexion","UITLOGGEN",,,"UITLOGGEN",
"locale > global.next","Suivant","Volgende",,"nächste","Volgende","Siguiente"
"locale > global.nosavedaddress","Il n'y a actuellement aucune adresse enregistrée.","Er is op dit moment geen adres geregistreerd.",,,"Er is op dit moment geen adres geregistreerd.",
"locale > global.nothanks","Non merci","Nee, bedankt",,,"Nee, bedankt",
"locale > global.or","ou","of",,,"of",
"locale > global.ordertotal","Total :","Totaal:",,,"Totaal:",
"locale > global.paginginformation.showing","Affichage","Resultaat ",,,"Resultaat",
"locale > global.price","Prix","Prijs",,,"Prijs",
"locale > global.privacypolicy","Voir la politique de confidentialité","Zie het privacybeleid",,,"Zie het privacybeleid",
"locale > global.product","Produit","Product",,,"Product",
"locale > global.qty","Qté","Aantal",,,"Aantal",
"locale > global.quantity","Quantité","Hoeveelheid",,,"Hoeveelheid",
"locale > global.register","Enregistrer","Registreren",,,"Registreren",
"locale > global.remove","Supprimer","Verwijderen",,,"Verwijderen",
"locale > global.search","Rechercher","Zoek",,"Suchen…","Zoeken","Buscar"
"locale > global.select","Sélectionner","Kiezen","Selezionare",,"Kiezen",
"locale > global.selectaddressmessage","Sélectionner une adresse","Selecteer een adres ",,,"Selecteer een adres",
"locale > global.signup","S'INSCRIRE","INSCHRIJVEN",,,"INSCHRIJVEN",
"locale > global.socialshare.whatsapp.label","Partager par WhatsApp","Deel op WhatsApp",,"Auf WhatsApp teilen","Deel op WhatsApp","Compartir en Whatsapp"
"locale > global.submitorder","Confirmer la commande","Bestelling bevestigen",,,"Bestelling bevestigen",
"locale > global.totalprice","Total","Totaal ",,,"Totaal",
"locale > global.updatecart","Mettre à jour le panier","Winkelmand bijwerken",,,"Winkelmand bijwerken",
"locale > global.user","Utilisateur","Gebruiker",,"Benutzer","Gebruiker","Usuario"
"locale > globalaccount.createheader","S'inscrire","Inschrijven",,,"Inschrijven",
"locale > globalaccount.createmessage","C’est très simple, un simple formulaire suffit!","Het is heel simpel, u hoeft alleen maar een eenvoudig formulier in te vullen!",,,"Het is heel simpel, u hoeft alleen maar een eenvoudig formulier in te vullen!",
"order > order.orderconfirmation-email.thankyou","- Merci pour votre commande ","- Bedankt voor uw bestelling",,,"- Bedankt voor uw bestelling",
"order > order.orderconfirmation-email.thankyouus","Nous vous remercions de votre commande.","Bedankt voor uw bestelling.",,,"Bedankt voor uw bestelling.",
"order > order.orderdetails.paymentinfo","Informations pour le paiement","Betalingsinformatie",,,"Betalingsinformatie",
"order > order.orderdetails.billingaddress","Adresse de facturation","Factuuradres",,,"Factuuradres",
"order > order.orderdetails.paymentmethod","Mode de paiement","Betaalwijze",,,"Betaalwijze",
"order > order.orderdetails.paymenttotal","Total paiement","Totaal bedrag",,,"Totaal bedrag",
"order > order.orderdetails.shippingmethod","Mode de livraison :","Verzending:",,,"Verzending:",
"order > order.orderdetails.shippingstatus","État de la livraison :","Status:",,,"Status:",
"order > order.orderdetails.shippingto","Livraison à ","Verzendadres",,,"Verzendadres",
"order > order.orderdetails.notshipped","Non expédié","Nog niet verzonden",,,"Nog niet verzonden",
"order > order.orderdetails.orderplaced","Commande passée :","Geplaatste bestelling:",,,"Geplaatste bestelling:",
"order > order.orderdetails.ordernumber","Numéro de commande :","Bestelnummer:",,,"Bestelnummer:",
"order > order.orderdetails.giftcertto","À :","Te:",,,"Te:",
"order > order.orderdetails.giftcertfrom","De :","Van:",,,"Van:",
"order > order.orderdetails.giftmessage","Message :","Bericht:",,,"Bericht:",
"order > order.orderdetails.giftcertshippingaddress","Envoyé à :","Verstuurd naar:",,,"Verstuurd naar:",
"order > order.ordersummary.subtotal","Sous-total","Subtotaal",,,"Subtotaal",
"order > order.ordersummary.orderdiscount","Remise sur la commande","Korting",,,,
"order > order.ordersummary.ordershipping","Livraison","Bezorging",,,"Bezorging",
"storelocator > storelocator.countryRestriction","FR","NL","IT",,"BE","ES"
"storelocator > storelocator.ou","ou","of",,,"of","o"
"storelocator > storelocator.storelocatorresults.ensavoirplus","en savoir plus","meer weten",,,"meer weten","saber más"